[
  {
    "title": "Full Stack Development",
     "description": "GCTI   is your best choice when it comes to acquiring Full Stack Development Course for students & working professionals. With an experienced team and our dedicated, certified training models we can meet your business needs.The aadya institute team is qualified in every field of web development, including Html, html 5, dhtml, JavaScript, Angular JS, react is, mango db and note JS. Learn & Become Full Stack Developer in just 7 Months.This course starts from scratch and walks you through everything the learner needs to know. "
  },
  {
    "title": "Python",
    "description": "Python is a popular programming language that’s used for web development, artificial intelligence, data analysis, and server applications. It can be adapted to many areas of computing. The Python course will teach you how to program in Python and give you the tools to make web applications, artificial intelligence software, data analysis tools, and more.Python training is an online / Classroom course with interactive lessons that teach you how to code in Python. The Python course starts from scratch and walks you through everything the learner needs to know. "
  },
  {
    "title": "Web Designing",
    "description": "Web design or web development is a professional, job-oriented course. There are huge opportunities available for students who want to work in this field. Many private and public organizations hire web designers for their online work and website development. With the rapid advent of the online industry, the demand for web development professionals is increasing, which has created a huge demand for web development courses. Aadya Institute helps students to pursue a excellent career in web designing & help them grow in a right direction with a right trainers."
  },
  {
    "title": "C, C++ and Java",
    "description":"Coding is the a method of communicating with a computer. It is using a language that a computer understands to give a computer instructions in order to perform specific functions. Coding allows us to create things such as computer software, websites, apps and video games.Aadya Institute provides online & offline courses for students and working professionals that teach them how to code in popular programming languages such as C++, C Lang, and Core Java. These courses are designed to provide students an immediate boost in their career as well as to improve their skillset. Learning Coding boost problem solving and logic skills.  "
  },
  {
    "title": "React",
    "description":"react is a robust language."
  }
]