[
  {
    "text": "I joined GCTI for JAVA course.The knowledge given by lecturer was excellent and very helpful.  I had a great experience here and it was so helpful for me as well as for my future career",
    "student": "Rohan"
  },
  {
    "text": "The knowledge given by lecturer was excellent and very helpful. The knowledge given by lecturer was excellent and very helpful.Overall a great place to learn and start your career. ",
    "student": "Gulati"
  },
  {
    "text": "I joined GCTI  for phython course.Good institute to start your career with zero knowledge.The knowledge given by lecturer was excellent and very helpful.Thankyou for the global computer training solutions. ",
    "student": "Rahul"
  },
  {
    "text": "I joined global computer training instute for data analytics course.The knowledge given by lecturer was excellent and very helpful.  I had a great experience here and it was so helpful for me as well as for my future career",
    "student": "Reema"
  },
  {
    "text": "The knowledge given by lecturer was excellent and very helpful. The knowledge given by lecturer was excellent and very helpful.Overall a great place to learn and start your career. ",
    "student": "Balaji"
  },
  {
    "text": "I joined crystal training solution for data analytics course.Good institute to start your career with zero knowledge.The knowledge given by lecturer was excellent and very helpful.",
    "student": "Nakul"
  },
  {
    "text": "best place to learn programming",
    "student":"Raghu"
  }
]